{
  "calibrated_at": "2026-03-21 16:46:55",
  "step": 3,
  "mean_error": 0.452596,
  "screen_points": [
    [
      0.1,
      0.1
    ],
    [
      0.5,
      0.1
    ],
    [
      0.9,
      0.1
    ],
    [
      0.1,
      0.35
    ],
    [
      0.9,
      0.35
    ],
    [
      0.1,
      0.5
    ],
    [
      0.5,
      0.5
    ],
    [
      0.9,
      0.5
    ],
    [
      0.1,
      0.65
    ],
    [
      0.9,
      0.65
    ],
    [
      0.1,
      0.9
    ],
    [
      0.5,
      0.9
    ],
    [
      0.9,
      0.9
    ]
  ],
  "gaze_points": [
    [
      0.4506030217968834,
      0.42106901922401746
    ],
    [
      0.44875794476817077,
      0.3988529834209196
    ],
    [
      0.4512018306456692,
      0.47547741129071686
    ],
    [
      0.4546296139942721,
      0.4161879796395911
    ],
    [
      0.457835663906697,
      0.4342697493889824
    ],
    [
      0.4614174793451136,
      0.3697610528458935
    ],
    [
      0.4555935590580065,
      0.42898039457651177
    ],
    [
      0.46968059388013117,
      0.4226098751794412
    ],
    [
      0.469625786068339,
      0.3636013752746916
    ],
    [
      0.4701604574904762,
      0.402967159757452
    ],
    [
      0.47866881217922047,
      0.312908517553321
    ],
    [
      0.4713007428460941,
      0.4054936507301463
    ],
    [
      0.47805495039684043,
      0.41000969125268083
    ]
  ]
}