{
  "calibrated_at": "2026-03-21 23:43:24",
  "kb_width": 1424,
  "kb_height": 346,
  "mean_error_px": 970.4816,
  "matrix": [
    [
      -105014.70236914286,
      -496.9825878954949,
      48725.34543295949
    ],
    [
      19414.359359727565,
      -1444.1240107032463,
      -8338.487370880403
    ]
  ],
  "gaze_points": [
    [
      0.46890662708540065,
      0.178918540030378
    ],
    [
      0.45702308881729925,
      0.29728958465334276
    ],
    [
      0.45448339201729493,
      0.331280040062772
    ],
    [
      0.46299204379355385,
      0.31719223853316747
    ],
    [
      0.4466314527971217,
      0.2897282856406035
    ],
    [
      0.4737324310144576,
      0.29350454196406256
    ],
    [
      0.44990847569166004,
      0.24873019780445269
    ],
    [
      0.4567884675014364,
      0.1528735237103746
    ],
    [
      0.45580519287757565,
      0.155780684607777
    ],
    [
      0.44841177792162257,
      0.30565404586137435
    ],
    [
      0.43051965337860626,
      0.1663777682393857
    ],
    [
      0.45836487998122677,
      0.3624791464382019
    ],
    [
      0.43569633976603334,
      0.3155950179401229
    ],
    [
      0.4482399772097403,
      0.30475346628229916
    ]
  ],
  "kb_points": [
    [
      69.27272727272727,
      105.0
    ],
    [
      583.4545454545454,
      105.0
    ],
    [
      1290.4545454545453,
      105.0
    ],
    [
      647.7272727272726,
      173.0
    ],
    [
      262.09090909090907,
      241.0
    ],
    [
      1033.3636363636363,
      241.0
    ],
    [
      1354.7272727272725,
      37.0
    ],
    [
      679.8636363636363,
      309.0
    ],
    [
      213.6,
      58.800000000000004
    ],
    [
      1210.3999999999999,
      58.800000000000004
    ],
    [
      213.6,
      220.5
    ],
    [
      1210.3999999999999,
      220.5
    ],
    [
      712.0,
      58.800000000000004
    ],
    [
      712.0,
      220.5
    ]
  ]
}